url,Ttile,Image urls,Price,Descriptions
https://in.seamsfriendly.com/,"
      Shop For Eco-Friendly Designer Clothing | SeamsFriendly India
    ",https://in.seamsfriendly.comhttps://seamsfriendly.com/pages/terms-of-service,"[<span class=""ProductItem__Price Price Text--subdued"">₹6,030</span>, <span class=""ProductItem__Price Price Text--subdued"">₹5,750</span>, <span class=""ProductItem__Price Price Text--subdued"">₹4,280</span>, <span class=""ProductItem__Price Price Text--subdued"">₹5,440</span>, <span class=""ProductItem__Price Price Text--subdued"">₹5,570</span>, <span class=""ProductItem__Price Price Text--subdued"">₹4,230</span>, <span class=""ProductItem__Price Price Text--subdued"">₹4,900</span>, <span class=""ProductItem__Price Price Text--subdued"">₹3,510</span>, <span class=""ProductItem__Price Price Text--subdued"">₹5,720</span>, <span class=""ProductItem__Price Price Text--subdued"">₹3,110</span>, <span class=""ProductItem__Price Price Text--subdued"">₹3,970</span>, <span class=""ProductItem__Price Price Text--subdued"">₹5,300</span>, <span class=""ProductItem__Price Price Text--subdued"">₹4,410</span>, <span class=""ProductItem__Price Price Text--subdued"">₹4,510</span>, <span class=""ProductItem__Price Price Text--subdued"">₹2,600</span>, <span class=""ProductItem__Price Price Text--subdued"">₹2,550</span>, <span class=""ProductItem__Price Price Text--subdued"">₹3,200</span>, <span class=""ProductItem__Price Price Text--subdued"">₹3,670</span>, <span class=""ProductItem__Price Price Text--subdued"">₹4,910</span>, <span class=""ProductItem__Price Price Text--subdued"">₹3,110</span>, <span class=""ProductItem__Price Price Text--subdued"">₹4,240</span>, <span class=""ProductItem__Price Price Text--subdued"">₹4,020</span>, <span class=""ProductItem__Price Price Text--subdued"">₹3,290</span>, <span class=""ProductItem__Price Price Text--subdued"">₹2,590</span>]","<div class=""fendtext"">
<p><strong>Online Shopping for 100% Cotton Clothes for Women</strong><br>At SeamsFriendly, we offer sustainable clothing for women of all shapes and sizes. Our fabrics are plant-based and made from natural materials, which makes them planet-friendly as well as gentle on the skin. Born out of love for beautiful and essential clothing, our garments are chic, versatile, and timeless.<br><br><strong> All Styles for Bust: 26” - 70” | Waist: 19” - 63” | Plus Size Women's Clothing | Clothes for Petite Women and Tall Women</strong><br>Tired of shopping from the kid's section or ending up empty-handed when shopping online? SeamsFriendly is the one-stop-shop for women of all body shapes and sizes. Our range of unique clothing is also available in petite size, tall size, and plus size. We believe looking good is for everyone, regardless of body type.<br><br/><strong>Shop Clothing that is Handmade with Love</strong><br/>We bring you the best crafts in India. Hand block printing, Dabu print, Ikat pattern - we have a range of products from each craft. You can shop handmade clothing such as Ikat, Dabu, Bagru, Sanganeri, and Kalamkari dresses from our website.<br/><br/><strong>Cotton Clothes for Women, with Pockets!</strong><br/>You read that right! Browse through dresses with pockets along with a vast range of garments with actual, usable pockets. These pockets are deep enough for you to carry all your essentials with ease. We have a lot of different pocket styles for a blend of style and functionality.<br/></br></br></br></br></br></p>
</div>"
